Fund Name,P1,P2,P3,P4,P5,TOPSIS Score,Rank
M1,0.9,0.81,3.1,39.0,10.95,0.4995931723663751,6
M2,0.6,0.36,4.6,60.3,16.47,0.5002076575487832,5
M3,0.78,0.61,6.8,67.2,18.85,0.5988242887852134,2
M4,0.7,0.49,4.2,65.3,17.67,0.6472118668859598,1
M5,0.82,0.67,3.7,44.0,12.3,0.47554371697015607,7
M6,0.83,0.69,4.6,38.3,11.11,0.3894147739774432,8
M7,0.6,0.36,5.7,67.8,18.62,0.5387076822868508,4
M8,0.77,0.59,6.2,61.1,17.17,0.5622451235168455,3
